wind_speed,swr,Phys.par/C_shelter,par_id
1.3341,0.51295,0.14928,p01
0.92645,0.96954,0.14642,p02
1.9196,1.2548,0.1558,p03
1.5047,1.3808,0.14337,p04
0.56142,0.79213,0.15969,p05
