wind_speed,swr,c_relax_C,par_id
1.6394,0.77377,0.0020564,p01
1.1818,1.0818,0.0089935,p02
0.95946,1.2989,0.007295,p03
0.78155,1.3896,0.0054676,p04
1.8909,0.64184,0.0027802,p05
