wind_speed,swr,a_seiche,par_id
0.84421,0.99421,0.0025305,p01
1.5537,0.59497,0.002919,p02
1.7067,1.1965,0.00095927,p03
1.2979,1.3665,0.0017387,p04
0.63243,0.73885,0.0012939,p05
