wind_speed,swr,mixing/coef_mix_hyp,par_id
0.74981,1.0096,0.20865,p01
1.9724,0.55954,1.7352,p02
1.6627,1.3321,0.85023,p03
1.378,0.85873,1.2443,p04
0.96846,1.2786,0.89617,p05
