wind_speed,swr,turb_param/k_min,par_id
0.62426,0.74428,0.00046189,p01
1.4218,1.1384,2.2306e-05,p02
0.83729,1.3476,6.8495e-06,p03
1.3026,0.9488,7.688e-05,p04
1.8898,0.68088,0.00014299,p05
