Depth_meter,Area_meterSquared
0,59774
1,47228.83951
2,36159.58025
3,26566.22222
4,18448.76543
5,11807.20988
6,6641.555556
7,2951.802469
8,737.9506173
9,10
